ward,precinct,votes,Biden,Trump,Hawkins,LaRiva,Carroll,Jorgensen
1,1,736,641,75,7,6,1,6
,2,581,515,51,6,4,0,5
,3,796,718,68,1,0,1,8
,4,791,686,91,3,2,1,8
,5,732,647,71,3,2,0,9
,6,636,531,94,5,2,1,3
,7,469,412,47,1,2,0,7
,8,628,557,64,2,1,0,4
,9,480,409,61,4,1,0,5
,10,870,750,100,3,0,1,16
,11,793,710,67,7,0,0,9
,12,830,683,130,5,3,0,9
,13,344,298,30,5,3,0,8
,14,675,602,66,2,1,0,4
,15,605,504,84,4,4,0,9
,16,739,642,78,5,5,1,8
,17,587,522,54,4,3,1,3
,18,655,595,46,4,5,1,4
,19,781,703,55,11,2,0,10
,20,513,474,33,3,1,0,2
,21,1017,912,84,9,1,1,10
,22,460,405,41,8,2,0,4
,23,857,770,62,12,6,3,4
,24,621,543,56,7,8,2,5
,25,650,579,56,4,0,2,9
,26,459,398,54,2,0,1,4
,27,749,643,92,4,2,0,8
,28,229,187,36,2,0,2,2
,29,904,806,77,3,6,0,12
,30,753,658,78,9,3,0,5
,31,611,525,76,1,3,2,4
,32,668,554,98,2,0,2,12
,33,782,651,117,2,5,0,7
,34,529,484,34,2,2,1,6
,35,849,723,109,4,0,0,13
,36,780,676,87,6,0,0,11
,37,727,606,107,6,1,0,7
,38,659,594,52,2,1,1,9
,39,582,498,74,1,1,0,8
,40,647,525,110,3,1,0,8
,41,385,352,24,1,2,1,5
,42,213,184,24,1,0,0,4
,43,434,378,50,2,0,0,4
,44,606,542,46,4,0,0,14
2,1,678,589,76,4,0,0,9
,2,434,327,101,1,0,0,5
,3,681,599,69,4,1,0,8
,4,598,528,60,2,3,1,4
,5,696,600,80,3,3,0,10
,6,623,521,92,3,0,0,7
,7,554,475,66,8,0,0,5
,8,755,647,87,2,1,3,15
,9,581,453,116,1,0,0,11
,10,466,304,156,1,0,0,5
,11,620,469,141,3,1,1,5
,12,547,474,62,3,0,2,6
,13,504,389,109,1,0,0,5
,14,606,510,87,2,1,0,6
,15,541,473,60,0,2,0,6
,16,569,506,58,0,0,0,5
,17,664,552,102,3,1,1,5
,18,567,430,125,3,0,1,8
,19,424,308,115,0,0,0,1
,20,794,633,147,2,0,1,11
,21,641,568,64,2,1,0,6
,22,649,520,111,3,0,0,15
,23,418,322,91,0,0,1,4
,24,523,439,74,0,0,0,10
,25,673,582,74,2,1,0,14
,26,540,426,107,0,0,0,7
,27,559,373,175,1,1,0,9
,28,704,550,136,2,0,0,16
,29,683,525,145,1,1,0,11
,30,523,394,120,2,1,0,6
,31,677,532,136,1,0,0,8
,32,531,401,120,4,0,1,5
,33,871,649,207,4,1,0,10
,34,459,340,113,0,0,0,6
,35,829,647,168,3,1,0,10
,36,712,534,168,1,0,0,9
,37,519,400,114,1,0,0,4
,38,586,436,143,0,0,1,6
,39,423,273,142,4,0,0,4
,40,875,675,187,1,0,1,11
,41,725,526,180,4,0,1,14
,42,680,513,152,5,0,0,10
,43,826,611,199,0,0,1,15
,44,365,279,77,1,0,0,8
,45,710,562,131,3,3,0,11
,46,359,276,73,1,0,0,9
3,1,732,702,29,1,0,0,0
,2,593,577,14,0,0,0,2
,3,483,409,71,0,2,0,1
,4,590,570,12,4,1,2,1
,5,317,288,20,5,3,0,1
,6,762,622,125,5,0,0,10
,7,356,337,17,1,0,1,0
,8,443,414,20,2,0,4,3
,9,571,540,22,3,0,0,6
,10,294,278,13,1,2,0,0
,11,576,546,24,1,2,1,2
,12,531,502,21,4,0,0,4
,13,636,545,86,1,0,1,3
,14,620,533,74,2,4,0,7
,15,538,511,22,2,1,2,0
,16,424,407,15,1,0,0,1
,17,795,724,63,3,1,1,3
,18,802,737,52,4,5,1,3
,19,697,560,127,2,1,0,7
,20,586,555,20,4,3,2,2
,21,627,522,97,1,0,0,7
,22,783,645,128,1,1,1,7
,23,492,451,37,1,0,1,2
,24,449,430,14,2,2,0,1
,25,982,802,165,5,0,1,9
,26,668,550,108,2,1,0,7
,27,720,558,155,1,3,0,3
,28,369,339,25,0,1,1,3
,29,608,578,22,4,1,0,3
,30,496,478,12,4,0,1,1
,31,638,611,19,6,2,0,0
,32,892,759,113,8,0,1,11
,33,692,586,95,0,0,0,11
,34,853,744,97,4,0,1,7
,35,290,270,16,2,0,0,2
,36,279,269,6,1,2,0,1
,37,484,464,16,1,1,1,1
,38,414,397,14,2,0,0,1
,39,1109,944,154,3,0,0,8
,40,611,543,58,3,2,1,4
,41,321,285,33,1,1,1,0
4,1,712,661,38,4,3,0,6
,2,710,605,90,2,2,0,11
,3,460,440,17,3,0,0,0
,4,728,681,38,2,2,2,3
,5,564,537,23,2,2,0,0
,6,666,610,53,2,1,0,0
,7,681,646,26,4,2,0,3
,8,614,572,26,13,2,1,0
,9,595,565,29,0,1,0,0
,10,672,646,16,3,2,1,4
,11,575,550,17,4,2,1,1
,12,681,656,22,2,0,1,0
,13,756,631,103,4,1,0,17
,14,569,531,37,0,0,0,1
,15,602,568,29,5,0,0,0
,16,943,794,137,5,2,0,5
,17,646,561,76,2,2,1,4
,18,543,516,20,4,1,0,2
,19,492,461,28,1,1,0,1
,20,469,390,72,3,0,0,4
,21,657,565,81,4,2,0,5
,22,524,487,29,4,0,2,2
,23,626,596,19,5,3,0,3
,24,504,472,24,4,2,0,2
,25,749,643,94,1,0,0,11
,26,518,492,22,3,0,1,0
,27,692,655,28,2,3,1,3
,28,498,455,38,5,0,0,0
,29,535,515,15,1,3,0,1
,30,782,751,26,3,2,0,0
,31,527,491,28,5,3,0,0
,32,600,562,26,4,2,2,4
,33,515,487,19,5,2,0,2
,34,491,458,22,4,0,2,5
,35,631,585,41,4,0,0,1
,36,661,628,27,6,0,0,0
,37,1014,878,124,3,2,0,7
,38,573,547,21,2,0,1,2
5,1,509,483,17,3,2,2,2
,2,416,404,10,1,1,0,0
,3,541,506,20,4,7,0,4
,4,683,647,24,7,3,0,2
,5,505,479,19,3,1,2,1
,6,429,393,31,4,0,1,0
,7,569,529,32,4,2,0,2
,8,535,503,26,1,1,0,4
,9,639,605,25,2,1,2,4
,10,452,434,14,4,0,0,0
,11,539,503,27,4,1,2,2
,12,360,331,23,4,2,0,0
,13,481,460,15,6,0,0,0
,14,427,413,10,0,1,3,0
,15,527,493,25,4,2,0,3
,16,518,500,13,1,2,2,0
,17,463,440,20,1,0,1,1
,18,490,466,15,5,1,1,2
,19,479,445,26,6,0,1,1
,20,577,542,29,4,1,1,0
,21,522,490,25,4,2,0,1
,22,608,568,31,5,2,0,2
,23,921,856,55,2,0,3,5
,24,644,606,31,3,0,1,3
,25,487,462,17,6,1,0,1
,26,524,495,26,2,1,0,0
,27,551,498,39,5,2,0,7
,28,552,518,27,6,1,0,0
,29,562,539,18,1,2,0,2
,30,353,336,13,0,4,0,0
,31,418,398,17,0,2,0,1
,32,576,547,20,5,2,1,1
,33,589,574,12,2,0,0,1
,34,556,519,30,0,1,1,5
,35,657,616,31,6,2,0,2
,36,358,339,15,2,2,0,0
,37,523,488,26,4,3,0,2
,38,522,499,18,3,1,0,1
,39,433,394,35,0,2,0,2
,40,423,390,22,4,3,1,3
,41,253,244,8,0,0,0,1
6,1,437,424,13,0,0,0,0
,2,427,408,16,2,1,0,0
,3,458,442,15,1,0,0,0
,4,338,320,13,3,1,1,0
,5,307,290,15,2,0,0,0
,6,482,463,14,4,0,0,1
,7,431,414,14,0,2,0,1
,8,425,416,7,1,0,0,1
,9,435,417,12,1,1,1,3
,10,336,318,13,5,0,0,0
,11,357,340,17,0,0,0,0
,12,343,313,25,1,0,1,3
,13,321,308,9,2,2,0,0
,14,398,384,11,1,0,2,0
,15,369,347,19,1,1,1,0
,16,451,432,14,4,0,0,1
,17,320,296,20,2,1,1,0
,18,279,269,5,3,1,0,1
,19,370,355,12,2,0,1,0
,20,271,261,8,1,0,0,1
,21,230,214,11,1,1,3,0
,22,286,266,17,1,0,2,0
,23,260,243,13,2,0,1,1
,24,233,215,13,1,2,1,1
,25,227,216,10,1,0,0,0
,26,348,324,15,3,3,2,1
,27,266,251,11,1,2,1,0
,28,212,201,9,0,1,1,0
,29,416,397,14,2,1,0,2
,30,366,343,16,2,1,0,4
,31,395,380,12,0,1,0,2
,32,408,388,18,1,0,1,0
,33,407,378,25,3,1,0,0
,34,420,415,4,1,0,0,0
,35,392,372,16,1,1,1,1
,36,462,449,10,2,1,0,0
,37,433,406,22,3,0,1,1
,38,443,426,11,4,2,0,0
,39,364,351,12,0,0,1,0
,40,387,375,11,0,1,0,0
,41,417,394,19,1,1,0,2
,42,443,422,13,3,2,0,3
,43,406,386,13,3,3,0,1
,44,502,481,20,0,0,1,0
,45,404,392,10,1,0,0,1
,46,301,294,5,0,0,1,1
,47,326,312,10,2,0,1,1
,48,425,408,14,3,0,0,0
7,1,445,423,17,1,1,0,3
,2,446,416,23,4,2,1,0
,3,412,397,12,0,2,1,0
,4,395,382,9,1,0,1,2
,5,366,337,24,2,0,0,3
,6,527,502,18,4,2,0,1
,7,419,396,20,1,1,1,0
,8,290,274,13,2,0,0,1
,9,690,647,36,2,3,1,1
,10,437,423,9,2,1,0,2
,11,476,456,15,2,2,0,1
,12,426,398,21,5,0,1,1
,13,249,239,8,1,1,0,0
,14,482,451,26,1,2,2,0
,15,372,365,5,1,1,0,0
,16,407,372,28,4,2,1,0
,17,339,323,14,0,1,1,0
,18,370,342,22,5,1,0,0
,19,388,370,13,1,3,0,1
,20,329,314,11,4,0,0,0
,21,319,295,18,4,0,1,1
,22,357,334,20,2,1,0,0
,23,381,370,10,0,0,1,0
,24,345,325,16,1,1,2,0
,25,360,318,34,3,2,3,0
,26,313,294,16,1,2,0,0
,27,337,327,4,3,0,0,3
,28,324,298,20,4,1,0,1
,29,363,344,15,3,0,0,1
,30,330,306,21,1,0,1,1
,31,303,271,27,2,1,1,1
,32,493,472,19,1,1,0,0
,33,492,474,15,2,1,0,0
,34,472,452,14,5,1,0,0
,35,443,418,20,2,2,0,1
,36,487,466,18,2,1,0,0
,37,424,398,22,3,1,0,0
,38,350,338,9,1,1,0,1
,39,366,358,7,1,0,0,0
,40,338,327,7,2,0,0,2
,41,381,367,10,1,0,1,2
,42,369,361,7,0,0,1,0
,43,383,366,15,1,0,0,1
,44,352,335,11,2,2,2,0
,45,449,424,19,0,0,5,1
,46,168,160,5,2,1,0,0
8,1,308,292,10,4,1,0,1
,2,393,375,15,0,0,3,0
,3,448,437,7,3,0,1,0
,4,441,431,7,2,0,0,1
,5,412,399,7,4,2,0,0
,6,397,377,17,2,1,0,0
,7,459,432,25,0,1,1,0
,8,397,381,13,1,0,0,2
,9,262,253,9,0,0,0,0
,10,496,475,17,2,1,0,1
,11,341,322,13,3,1,2,0
,12,377,356,19,0,1,1,0
,13,481,459,16,4,0,0,2
,14,381,360,15,1,3,0,2
,15,406,383,16,3,1,0,3
,16,143,133,9,1,0,0,0
,17,357,344,7,3,1,1,1
,18,412,387,24,1,0,0,0
,19,441,423,16,2,0,0,0
,20,474,457,12,1,3,0,1
,21,535,514,18,2,0,0,1
,22,379,357,15,3,3,0,1
,23,360,348,10,1,0,1,0
,24,245,235,7,2,0,1,0
,25,428,400,24,0,2,2,0
,26,402,387,11,1,1,0,2
,27,468,444,21,2,0,1,0
,28,389,372,15,1,1,0,0
,29,449,428,14,5,1,0,1
,30,449,429,14,4,0,0,2
,31,333,316,14,1,1,0,1
,32,336,324,9,1,1,0,1
,33,349,333,12,2,1,1,0
,34,399,388,10,0,1,0,0
,35,478,457,14,4,0,0,3
,36,413,400,8,1,2,1,1
,37,317,308,6,2,1,0,0
,38,322,317,4,0,0,1,0
,39,424,411,7,4,1,0,1
,40,351,341,9,0,0,0,1
,41,466,447,15,3,0,1,0
,42,543,523,16,2,0,0,2
,43,246,227,15,2,2,0,0
,44,328,313,10,1,1,1,2
,45,380,362,12,5,0,0,1
,46,341,320,17,1,3,0,0
,47,358,338,18,1,0,0,1
,48,397,384,9,2,1,1,0
,49,383,370,12,1,0,0,0
,50,423,404,13,4,1,1,0
,51,435,419,14,1,0,0,1
,52,510,497,11,1,0,0,1
,53,246,233,9,3,1,0,0
,54,373,337,27,4,2,2,1
,55,344,325,16,0,3,0,0
,56,433,425,5,2,1,0,0
9,1,404,386,14,1,0,0,3
,2,321,307,9,1,2,2,0
,3,304,287,13,2,1,1,0
,4,310,304,3,2,0,1,0
,5,387,375,7,1,2,1,1
,6,369,358,9,1,0,1,0
,7,304,284,17,2,0,1,0
,8,423,399,19,3,1,0,1
,9,473,460,10,1,2,0,0
,10,310,301,7,1,0,1,0
,11,284,269,14,0,0,1,0
,12,432,404,23,3,0,0,2
,13,447,434,12,1,0,0,0
,14,444,426,16,1,1,0,0
,15,530,495,28,2,2,1,2
,16,361,345,12,1,1,1,1
,17,323,307,10,3,1,1,1
,18,294,288,4,0,2,0,0
,19,381,370,7,2,1,1,0
,20,371,355,9,3,3,1,0
,21,386,368,17,0,0,0,1
,22,420,392,25,3,0,0,0
,23,423,408,10,2,2,1,0
,24,396,377,16,0,1,1,1
,25,379,366,9,1,1,0,2
,26,516,485,24,2,3,1,1
,27,340,328,8,2,1,1,0
,28,259,234,25,0,0,0,0
,29,358,340,15,2,0,0,1
,30,337,316,21,0,0,0,0
,31,324,309,12,1,1,0,1
,32,395,376,17,2,0,0,0
,33,316,300,14,2,0,0,0
,34,344,324,16,3,0,0,1
,35,358,340,12,2,2,0,2
,36,349,339,7,2,1,0,0
,37,595,506,77,7,3,0,2
,38,393,376,12,3,1,1,0
,39,421,412,8,0,1,0,0
,40,438,423,12,1,2,0,0
,41,345,330,12,2,1,0,0
,42,404,388,13,3,0,0,0
,43,377,352,19,2,0,0,4
,44,340,332,8,0,0,0,0
,45,338,326,8,3,1,0,0
,46,371,346,20,4,0,0,1
,47,404,393,5,4,0,0,2
,48,419,404,13,1,0,1,0
,49,433,419,11,0,0,0,3
,50,560,537,18,3,0,1,1
,51,374,360,11,1,1,1,0
10,1,356,323,28,1,1,0,3
,2,429,249,173,4,0,1,2
,3,478,306,167,3,0,0,2
,4,336,304,29,0,2,0,1
,5,374,234,133,3,2,0,2
,6,371,283,84,1,2,0,1
,7,328,267,56,1,2,0,2
,8,250,228,19,2,0,0,1
,9,427,266,159,0,1,0,1
,10,489,351,132,1,1,1,3
,11,531,412,109,1,6,0,3
,12,313,230,80,0,1,1,1
,13,401,346,50,1,0,1,3
,14,573,447,121,3,1,0,1
,15,725,697,21,4,2,0,1
,16,346,232,106,6,0,0,2
,17,583,364,207,6,2,0,4
,18,259,241,15,1,1,0,1
,19,459,321,133,3,0,1,1
,20,453,352,96,2,2,0,1
,21,452,326,119,3,3,1,0
,22,260,209,47,0,0,2,2
,23,390,319,65,6,0,0,0
,24,455,268,183,2,0,0,2
,25,117,111,4,0,1,0,1
,26,309,264,39,2,2,0,2
,27,388,353,33,0,1,0,1
,28,496,406,85,3,1,0,1
,29,470,382,81,2,1,1,3
,30,394,309,74,1,6,1,3
,31,362,310,50,1,1,0,0
,32,460,345,112,0,2,0,1
,33,339,285,50,1,2,0,1
,34,317,280,34,1,2,0,0
,35,473,304,163,2,3,0,1
,36,112,97,14,1,0,0,0
11,1,514,346,156,3,2,2,5
,2,51,39,12,0,0,0,0
,3,474,424,38,5,3,2,2
,4,428,298,125,1,2,0,2
,5,640,482,133,13,4,4,4
,6,724,606,109,2,0,0,7
,7,482,425,50,3,1,0,3
,8,479,345,127,1,1,2,3
,9,471,304,155,2,1,2,7
,10,515,326,182,3,1,1,2
,11,576,384,184,3,1,1,3
,12,727,310,406,4,1,1,5
,13,672,287,371,4,2,1,7
,14,350,195,151,2,0,1,1
,15,205,140,61,1,1,1,1
,16,397,237,150,2,2,2,4
,17,594,439,140,9,1,1,4
,18,435,255,170,6,0,2,2
,19,667,485,159,8,3,3,9
,20,389,225,159,3,1,0,1
,21,631,344,274,3,1,1,8
,22,608,397,201,1,3,1,5
,23,280,157,112,3,2,0,6
,24,568,317,240,4,0,0,7
,25,636,443,176,7,3,1,6
,26,535,346,173,7,4,0,5
,27,206,125,75,2,1,0,3
,28,265,134,126,1,0,1,3
,29,599,322,266,5,0,0,6
,30,285,170,115,0,0,0,0
,31,541,274,264,2,0,0,1
,32,235,98,132,2,0,0,3
,33,580,443,125,4,0,2,6
,34,227,135,91,0,0,0,1
,35,123,73,48,0,0,1,1
,36,238,141,93,4,0,0,0
,37,176,131,42,1,1,0,1
,38,235,197,31,5,0,0,2
12,1,433,335,86,3,6,0,3
,2,405,327,72,3,2,0,1
,3,529,429,88,3,3,0,6
,4,492,377,98,8,4,1,4
,5,418,277,134,1,1,3,2
,6,547,421,111,5,0,2,8
,7,420,371,33,7,4,2,3
,8,457,352,96,5,2,0,2
,9,386,290,85,3,3,1,4
,10,537,484,41,6,3,1,2
,11,492,393,95,0,4,0,0
,12,450,361,84,4,1,0,0
,13,488,382,102,1,1,1,1
,14,406,364,38,1,0,1,2
,15,393,342,45,4,2,0,0
,16,394,343,46,1,0,0,4
,17,504,402,90,2,5,0,5
,18,356,310,32,4,6,2,2
,19,418,328,82,3,4,0,1
,20,507,406,95,1,2,0,3
,21,471,388,74,2,2,0,5
,22,405,349,41,10,3,1,1
,23,452,359,85,2,2,0,4
13,1,392,228,157,3,0,1,3
,2,338,170,165,1,1,0,1
,3,325,266,51,2,2,1,3
,4,438,224,209,3,2,0,0
,5,458,365,85,3,0,0,5
,6,386,179,203,2,0,0,2
,7,324,232,79,3,5,0,5
,8,311,197,113,0,1,0,0
,9,405,312,85,7,1,0,0
,10,369,143,220,1,0,1,4
,11,451,265,185,0,0,0,1
,12,349,246,96,5,0,0,2
,13,381,291,88,0,1,1,0
,14,366,267,91,4,1,1,2
,15,564,458,96,5,2,1,2
,16,283,237,45,0,0,0,1
,17,348,214,129,4,0,0,1
,18,336,174,156,3,0,0,3
,19,486,414,59,4,7,0,2
,20,288,133,153,0,0,0,2
,21,459,211,242,2,0,2,2
,22,448,211,229,4,0,1,3
,23,310,241,62,1,3,1,2
,24,398,277,118,2,1,0,0
,25,398,301,92,2,2,0,1
,26,406,259,138,2,3,0,4
,27,396,250,142,1,0,0,3
,28,304,237,66,1,0,0,0
,29,305,215,90,0,0,0,0
,30,323,280,39,3,0,0,1
,31,448,216,227,0,1,0,4
,32,365,152,210,0,0,0,3
,33,384,181,195,2,1,1,4
,34,385,333,49,1,1,0,1
,35,354,263,83,3,1,1,3
,36,274,220,50,1,2,0,1
,37,386,309,73,2,2,0,0
,38,342,167,172,1,0,0,2
,39,373,292,75,5,0,0,1
,40,403,272,123,2,2,0,4
,41,465,398,60,3,2,0,2
,42,419,194,221,0,0,1,3
,43,412,281,123,5,0,0,3
,44,384,320,59,2,1,2,0
,45,427,250,171,3,2,0,1
,46,451,337,102,0,6,0,6
,47,461,372,80,4,5,0,0
,48,361,197,160,3,0,0,1
14,1,510,220,286,1,0,0,3
,2,550,439,105,2,1,2,1
,3,415,349,63,2,0,0,1
,4,461,223,232,1,0,1,4
,5,611,530,75,1,3,0,2
,6,227,193,30,3,0,1,0
,7,553,444,102,3,2,1,1
,8,538,403,122,2,6,2,3
,9,573,322,245,3,1,0,2
,10,310,237,69,1,1,0,2
,11,245,212,32,1,0,0,0
,12,481,345,132,3,1,0,0
,13,378,300,70,5,1,0,2
,14,416,344,65,2,1,1,3
,15,451,393,53,1,3,0,1
,16,315,248,65,2,0,0,0
,17,376,302,70,1,1,0,2
,18,204,145,56,2,1,0,0
,19,406,340,56,3,5,0,2
,20,337,266,63,2,1,1,4
,21,417,342,66,3,2,2,2
,22,624,402,214,2,3,0,3
,23,376,254,121,0,0,0,1
,24,536,274,258,1,0,1,2
,25,251,208,38,3,1,0,1
,26,332,300,27,1,0,3,1
,27,440,323,100,4,5,1,7
,28,361,269,81,1,3,3,4
,29,320,267,48,4,1,0,0
,30,283,256,25,0,1,1,0
,31,218,174,38,4,1,0,1
15,1,379,317,49,3,5,2,3
,2,249,239,9,0,0,1,0
,3,269,260,7,1,1,0,0
,4,427,364,55,3,2,0,3
,5,420,353,58,5,1,0,3
,6,442,357,75,4,4,1,1
,7,262,247,11,4,0,0,0
,8,418,351,62,1,1,1,2
,9,532,453,72,2,2,1,2
,10,594,471,110,4,4,0,5
,11,513,417,91,1,3,0,1
,12,507,410,89,4,2,0,2
,13,420,349,59,7,1,0,4
,14,383,333,46,0,2,1,1
,15,395,332,58,0,3,1,1
,16,489,421,60,3,3,0,2
,17,261,242,12,3,0,1,3
,18,232,216,15,1,0,0,0
,19,332,293,33,5,0,0,1
,20,263,252,10,0,0,0,1
,21,222,212,8,1,1,0,0
,22,271,247,19,2,0,2,1
,23,286,276,7,3,0,0,0
,24,273,252,16,3,2,0,0
16,1,477,406,59,5,2,1,4
,2,330,306,21,2,1,0,0
,3,294,277,15,1,1,0,0
,4,358,332,20,4,1,0,1
,5,232,218,9,2,1,2,0
,6,299,287,8,2,2,0,0
,7,311,293,16,1,0,1,0
,8,226,211,12,1,2,0,0
,9,301,292,7,0,1,0,1
,10,296,283,12,0,0,1,0
,11,348,320,22,5,0,0,1
,12,303,278,17,1,6,0,1
,13,384,345,28,4,3,2,2
,14,261,243,12,4,2,0,0
,15,325,306,15,0,1,3,0
,16,290,279,10,0,0,1,0
,17,368,328,37,1,1,1,0
,18,355,325,25,1,1,2,1
,19,329,301,22,1,2,1,2
,20,245,233,10,2,0,0,0
,21,284,268,12,1,1,1,1
,22,309,284,18,1,3,0,3
,23,416,359,49,4,3,0,1
,24,168,160,8,0,0,0,0
,25,366,343,17,2,1,1,2
,26,255,243,8,1,0,1,2
,27,267,251,12,2,0,1,1
,28,300,284,12,3,0,1,0
,29,284,273,11,0,0,0,0
,30,265,245,16,0,2,2,0
,31,319,294,15,3,3,1,3
,32,407,347,52,2,3,0,3
,33,272,259,7,4,0,2,0
,34,274,258,9,2,1,1,3
,35,481,424,53,1,1,0,2
,36,214,194,17,3,0,0,0
17,1,442,383,52,4,0,0,3
,2,392,376,13,1,1,1,0
,3,399,373,24,0,1,0,1
,4,487,456,25,3,2,0,1
,5,316,299,15,1,0,1,0
,6,381,356,20,2,2,0,1
,7,390,361,26,1,1,1,0
,8,369,335,28,5,0,0,1
,9,304,289,9,0,3,1,2
,10,495,455,34,5,1,0,0
,11,308,294,14,0,0,0,0
,12,541,468,64,3,2,0,4
,13,327,311,14,0,1,0,1
,14,439,408,31,0,0,0,0
,15,394,373,17,2,1,0,1
,16,434,398,33,1,1,1,0
,17,394,365,26,2,0,1,0
,18,430,417,10,1,1,0,1
,19,235,223,11,1,0,0,0
,20,439,424,13,2,0,0,0
,21,470,460,8,1,1,0,0
,22,345,326,17,0,2,0,0
,23,266,254,11,0,1,0,0
,24,408,394,10,2,0,0,2
,25,327,310,11,2,1,0,3
,26,404,392,11,1,0,0,0
,27,363,348,13,1,0,1,0
,28,324,316,8,0,0,0,0
,29,393,379,11,2,1,0,0
,30,385,331,50,2,0,0,2
,31,239,233,4,0,1,1,0
,32,320,304,9,3,4,0,0
,33,272,200,17,18,7,12,18
,34,274,264,8,1,0,0,1
,35,249,244,2,0,1,1,1
,36,372,354,15,1,0,1,1
,37,309,291,15,1,0,2,0
,38,450,435,13,1,0,0,1
,39,403,380,17,3,1,0,2
,40,415,398,15,0,1,0,1
,41,503,483,14,3,3,0,0
18,1,402,370,25,0,1,2,4
,2,458,376,81,0,1,0,0
,3,383,273,109,1,0,0,0
,4,441,411,23,4,1,1,1
,5,265,253,9,2,0,0,1
,6,404,283,113,1,3,3,1
,7,438,372,58,7,1,0,0
,8,417,398,16,1,0,2,0
,9,378,359,17,1,0,0,1
,10,520,494,20,3,1,0,2
,11,373,315,52,4,1,0,1
,12,381,361,16,1,0,1,2
,13,456,419,32,3,2,0,0
,14,434,420,12,1,0,0,1
,15,470,381,80,1,4,1,3
,16,408,390,17,1,0,0,0
,17,448,401,40,4,1,0,2
,18,316,300,13,2,0,0,1
,19,372,352,18,0,0,0,2
,20,301,292,7,1,1,0,0
,21,512,469,37,5,0,0,1
,22,457,437,17,2,1,0,0
,23,418,383,29,2,4,0,0
,24,437,311,121,1,1,0,3
,25,461,349,109,0,0,1,2
,26,497,470,22,1,3,0,1
,27,349,318,28,3,0,0,0
,28,418,270,146,0,0,0,2
,29,486,423,61,1,0,0,1
,30,551,395,146,3,1,0,6
,31,457,429,24,1,2,0,1
,32,406,392,13,0,1,0,0
,33,321,306,12,1,0,1,1
,34,460,426,33,1,0,0,0
,35,481,452,26,3,0,0,0
,36,451,379,67,0,1,0,4
,37,470,443,23,3,0,0,1
,38,389,374,13,1,1,0,0
,39,371,343,23,2,1,2,0
,40,453,374,72,2,3,1,1
,41,499,471,26,2,0,0,0
,42,375,346,24,2,2,0,1
,43,363,272,87,1,1,0,2
,44,397,275,118,3,0,0,1
,45,426,360,63,2,1,0,0
,46,466,341,121,0,0,0,4
,47,323,294,27,2,0,0,0
,48,305,290,12,1,0,0,2
,49,285,268,15,2,0,0,0
,50,350,327,17,2,1,2,1
19,1,413,182,227,2,0,0,2
,2,586,486,94,3,1,0,2
,3,428,107,315,1,0,0,5
,4,581,184,386,5,1,0,5
,5,515,402,106,3,0,0,4
,6,549,210,329,1,0,0,9
,7,432,245,180,3,0,1,3
,8,549,157,386,3,0,0,3
,9,347,149,196,0,0,0,2
,10,544,426,109,2,0,0,7
,11,489,133,348,3,1,2,2
,12,442,123,314,0,0,0,5
,13,523,486,28,7,0,0,2
,14,485,387,90,4,1,0,3
,15,676,199,467,2,0,2,6
,16,500,154,336,1,1,1,7
,17,411,178,224,1,0,2,6
,18,426,313,106,1,1,0,5
,19,581,463,112,2,0,1,3
,20,333,286,45,0,0,0,2
,21,514,148,358,2,0,0,6
,22,495,356,125,3,1,0,10
,23,503,241,255,2,0,0,5
,24,358,111,242,0,0,0,5
,25,437,285,147,1,0,1,3
,26,454,297,147,2,1,2,5
,27,420,361,54,2,0,2,1
,28,534,497,23,8,0,0,6
,29,557,191,360,1,1,0,4
,30,496,160,324,5,0,2,5
,31,405,268,125,1,0,4,7
,32,432,196,231,2,0,0,3
,33,552,161,383,3,1,1,3
,34,398,269,124,2,0,0,3
,35,397,278,116,1,0,0,2
,36,629,558,66,0,1,2,2
,37,444,386,51,3,1,0,3
,38,416,353,55,2,1,0,5
,39,206,185,19,2,0,0,0
,40,494,380,107,3,0,2,2
,41,492,142,345,2,0,1,2
,42,370,286,77,1,1,0,5
,43,602,569,30,2,0,1,0
,44,589,174,406,2,0,0,7
,45,476,208,259,3,0,0,6
,46,469,217,245,3,0,1,3
,47,617,521,90,3,0,0,3
,48,562,534,23,2,0,0,3
,49,529,474,46,8,0,0,1
,50,390,217,167,3,0,1,2
,51,516,262,245,2,0,1,6
,52,579,211,350,2,2,4,10
,53,422,251,164,0,0,0,7
,54,431,97,328,2,0,0,4
,55,454,127,318,1,0,0,8
,56,453,354,91,5,0,1,2
,57,347,275,64,4,2,0,2
20,1,430,406,18,3,0,3,0
,2,173,153,15,2,2,1,0
,3,384,364,12,3,2,2,1
,4,216,185,28,1,0,0,2
,5,506,477,22,2,1,2,2
,6,214,202,10,0,2,0,0
,7,516,483,20,9,1,2,1
,8,389,364,20,5,0,0,0
,9,589,567,16,4,2,0,0
,10,297,282,8,3,4,0,0
,11,559,529,23,5,0,2,0
,12,420,403,12,3,2,0,0
,13,450,422,25,1,1,1,0
,14,262,246,9,4,1,0,2
,15,438,384,47,3,2,0,2
,16,511,484,19,2,0,3,3
,17,280,238,36,0,2,0,4
,18,315,297,12,1,3,1,1
,19,468,433,20,6,3,2,4
,20,337,279,51,0,3,0,4
,21,338,322,15,0,0,0,1
,22,537,503,24,4,1,2,3
,23,407,387,16,1,2,1,0
,24,515,480,25,3,0,5,2
,25,310,286,19,4,0,0,1
,26,362,339,17,2,3,0,1
,27,242,227,12,0,0,2,1
,28,265,254,8,1,0,1,1
,29,507,483,22,2,0,0,0
,30,201,188,11,1,1,0,0
,31,537,503,28,2,2,2,0
,32,377,360,16,0,1,0,0
,33,264,244,16,2,1,1,0
,34,532,486,36,4,0,2,4
,35,339,316,11,6,2,4,0
,36,146,139,4,1,0,0,2
,37,124,117,5,1,1,0,0
,38,161,139,19,2,0,1,0
,39,39,37,2,0,0,0,0
21,1,442,426,14,2,0,0,0
,2,364,346,14,1,0,2,1
,3,431,409,16,3,3,0,0
,4,376,365,10,1,0,0,0
,5,427,418,7,0,0,0,2
,6,366,351,12,1,1,1,0
,7,403,386,15,2,0,0,0
,8,439,411,25,2,1,0,0
,9,414,405,8,0,0,0,1
,10,354,330,17,5,0,2,0
,11,387,375,9,1,0,1,1
,12,369,349,13,4,1,1,1
,13,422,396,18,7,0,0,1
,14,431,397,28,2,2,0,2
,15,367,359,7,0,0,0,1
,16,407,386,18,2,1,0,0
,17,362,342,16,3,1,0,0
,18,465,455,9,1,0,0,0
,19,438,422,9,4,1,0,2
,20,373,359,12,1,0,0,1
,21,341,324,11,1,2,0,3
,22,366,347,16,1,0,0,2
,23,367,359,6,1,1,0,0
,24,426,414,10,1,0,1,0
,25,349,338,9,2,0,0,0
,26,453,429,20,3,1,0,0
,27,421,398,17,3,1,0,2
,28,492,470,15,4,0,1,2
,29,436,421,13,1,1,0,0
,30,360,342,15,2,0,0,1
,31,308,295,10,1,0,1,1
,32,415,395,17,0,1,2,0
,33,352,337,9,2,1,0,3
,34,408,386,15,4,2,1,0
,35,487,468,16,1,1,0,1
,36,419,401,14,3,0,0,1
,37,294,284,5,4,0,1,0
,38,449,437,6,1,1,3,1
,39,380,367,9,0,3,0,1
,40,384,370,10,3,1,0,0
,41,415,399,14,0,2,0,0
,42,442,430,11,1,0,0,0
,43,403,386,13,2,0,0,2
,44,430,412,16,1,0,1,0
,45,393,381,9,2,0,0,1
,46,441,423,13,2,0,3,0
,47,384,366,15,3,0,0,0
,48,390,368,21,1,0,0,0
,49,439,420,17,2,0,0,0
,50,304,287,11,2,1,0,3
,51,404,385,15,3,0,0,1
,52,425,413,6,1,2,1,2
,53,350,329,17,3,1,0,0
,54,370,357,9,1,0,1,2
22,1,246,235,7,1,1,0,2
,2,524,341,178,4,0,0,1
,3,628,529,84,5,4,0,6
,4,367,320,37,3,2,0,5
,5,402,338,53,3,1,3,4
,6,416,354,57,2,1,1,1
,7,337,309,23,3,1,0,1
,8,589,455,131,1,0,1,1
,9,349,305,36,7,0,1,0
,10,562,472,76,4,7,0,3
,11,356,308,39,3,4,1,1
,12,366,267,89,6,1,0,3
,13,443,385,56,1,1,0,0
,14,331,292,33,3,2,0,1
,15,345,298,42,1,1,0,3
,16,345,300,42,2,0,0,1
,17,580,483,94,1,2,0,0
,18,353,305,40,2,4,1,1
,19,206,192,11,1,0,1,1
,20,413,359,47,1,3,1,2
,21,418,390,24,2,1,0,1
,22,415,338,61,1,5,6,4
,23,495,466,23,3,3,0,0
,24,489,417,56,4,5,1,6
,25,374,328,40,0,2,3,1
23,1,416,188,223,2,0,1,2
,2,454,229,215,4,2,0,4
,3,409,179,222,2,0,1,5
,4,484,258,219,1,1,2,3
,5,433,361,62,8,1,0,1
,6,456,331,119,2,0,0,4
,7,375,292,71,2,6,0,4
,8,516,325,180,3,0,0,8
,9,391,332,52,0,5,1,1
,10,446,341,101,1,2,0,1
,11,467,391,67,3,1,1,4
,12,456,168,279,1,0,2,6
,13,384,323,58,0,2,1,0
,14,417,194,219,1,0,0,3
,15,377,312,53,6,2,2,2
,16,433,198,232,2,0,0,1
,17,340,280,52,1,6,1,0
,18,408,195,211,0,0,0,2
,19,351,299,51,0,1,0,0
,20,288,231,54,0,2,0,1
,21,434,188,240,1,0,0,5
,22,446,248,192,4,0,1,1
,23,417,230,181,1,0,1,4
,24,363,292,68,1,1,0,1
,25,371,267,99,4,0,1,0
,26,389,275,109,4,1,0,0
,27,410,186,218,2,0,0,4
,28,495,246,243,1,2,0,3
,29,364,211,149,3,1,0,0
,30,505,373,123,3,3,0,3
,31,381,304,70,3,1,0,3
,32,384,327,55,1,0,0,1
,33,464,383,71,3,2,0,5
,34,469,389,76,3,0,0,1
,35,348,171,170,3,1,0,3
,36,418,183,231,0,1,1,2
,37,460,208,249,1,0,0,2
,38,386,214,171,1,0,0,0
,39,433,364,66,1,1,0,1
24,1,345,330,13,1,1,0,0
,2,398,381,12,2,2,1,0
,3,469,445,19,0,1,1,3
,4,332,319,10,1,1,0,1
,5,224,211,9,2,1,1,0
,6,391,375,10,4,0,1,1
,7,280,256,17,2,3,1,1
,8,188,172,14,0,1,1,0
,9,383,363,15,1,1,2,1
,10,186,180,4,1,0,0,1
,11,465,442,21,0,1,0,1
,12,251,237,12,0,0,1,1
,13,213,195,11,2,4,0,1
,14,373,358,12,2,1,0,0
,15,214,203,11,0,0,0,0
,16,1132,788,307,7,14,2,14
,17,301,287,10,0,3,1,0
,18,406,388,14,2,2,0,0
,19,455,436,15,1,2,0,1
,20,337,313,17,5,0,1,1
,21,210,194,11,2,2,0,1
,22,483,451,23,1,4,1,3
,23,345,319,22,3,1,0,0
,24,448,421,19,4,3,0,1
,25,313,294,13,5,0,0,1
,26,580,551,25,2,2,0,0
,27,393,379,10,4,0,0,0
,28,247,232,12,2,0,1,0
,29,293,278,7,6,0,2,0
,30,241,228,11,1,1,0,0
,31,438,409,17,3,3,3,3
,32,207,197,5,2,0,1,2
,33,251,240,8,3,0,0,0
,34,400,381,13,3,0,1,2
,35,407,378,22,3,2,2,0
,36,447,415,22,3,0,3,4
,37,220,211,6,2,0,1,0
,38,291,278,10,1,0,2,0
,39,391,357,32,1,0,1,0
,40,457,431,21,4,1,0,0
,41,281,267,13,1,0,0,0
25,1,466,413,48,1,1,1,2
,2,672,607,50,9,2,1,3
,3,1067,875,175,4,0,2,11
,4,456,398,52,0,3,0,3
,5,609,518,76,6,6,0,3
,6,237,165,72,0,0,0,0
,7,596,532,51,3,5,2,3
,8,660,599,47,6,3,2,3
,9,580,522,41,6,2,1,8
,10,872,729,134,2,0,1,6
,11,592,511,64,7,6,1,3
,12,541,464,65,3,5,2,2
,13,685,615,51,3,9,3,4
,14,463,363,90,3,0,5,2
,15,517,429,76,4,4,0,4
,16,1065,815,230,3,2,0,15
,17,609,537,57,5,4,0,6
,18,454,310,135,5,1,1,2
,19,609,544,56,5,2,1,1
,20,371,349,18,2,1,1,0
,21,1125,970,124,10,3,0,18
,22,573,524,33,6,3,0,7
,23,644,578,51,6,4,0,5
,24,591,535,40,7,3,1,5
,25,527,378,136,5,2,0,6
,26,550,483,60,3,2,0,2
,27,782,634,128,4,0,1,15
,28,610,538,54,10,2,2,4
,29,465,423,37,1,4,0,0
,30,569,481,69,10,4,0,5
,31,1224,970,227,5,0,2,20
,32,541,420,110,1,4,1,5
26,1,474,411,48,3,4,1,7
,2,385,319,59,1,4,0,2
,3,550,459,75,6,2,0,8
,4,344,282,57,1,1,2,1
,5,388,351,29,1,3,0,4
,6,390,331,52,6,1,0,0
,7,402,361,35,6,0,0,0
,8,287,237,39,5,3,1,2
,9,380,325,45,5,2,1,2
,10,436,381,48,2,2,0,3
,11,437,349,80,3,2,1,2
,12,458,393,52,9,4,0,0
,13,284,224,50,5,3,1,1
,14,359,310,41,4,2,1,1
,15,315,246,59,4,5,1,0
,16,258,196,57,2,2,0,1
,17,408,304,102,0,1,0,1
,18,330,271,53,0,0,2,4
,19,283,248,31,3,0,0,1
,20,416,361,45,1,3,1,5
,21,508,455,45,2,3,0,3
,22,270,227,42,0,1,0,0
,23,333,293,33,4,0,0,3
,24,353,305,43,2,1,1,1
,25,364,324,33,3,1,1,2
,26,311,274,27,4,1,4,1
,27,500,426,62,3,3,0,6
,28,561,474,78,1,3,0,5
,29,245,206,37,0,0,1,1
,30,358,322,24,3,5,0,4
,31,218,175,38,2,0,0,3
,32,536,452,70,2,1,3,8
,33,506,453,44,5,0,0,4
,34,473,407,57,4,0,1,4
,35,395,337,44,7,5,0,2
,36,458,384,68,2,1,1,2
,37,465,406,52,2,3,1,1
,38,251,205,43,0,1,1,1
,39,536,451,72,4,1,4,4
,40,305,250,45,3,3,0,4
,41,477,414,53,6,2,2,0
,42,360,320,32,3,1,1,3
,43,290,251,31,3,3,0,2
,44,247,210,33,1,3,0,0
,45,233,193,38,1,0,0,1
,46,355,246,104,2,1,0,2
,47,344,288,50,1,1,0,4
,48,460,415,34,5,1,0,5
,49,304,252,49,2,1,0,0
27,1,1258,1028,205,5,0,0,20
,2,596,501,81,7,0,0,7
,3,277,256,18,2,0,1,0
,4,278,252,19,2,2,0,3
,5,421,385,36,0,0,0,0
,6,658,543,104,1,1,1,8
,7,770,687,71,4,0,0,8
,8,392,353,37,0,0,0,2
,9,300,229,66,0,0,0,5
,10,460,431,23,2,2,0,2
,11,693,561,117,3,0,0,12
,12,477,394,79,0,0,0,4
,13,709,653,47,2,1,0,6
,14,239,221,13,1,1,1,2
,15,280,262,13,1,3,0,1
,16,659,521,119,2,0,4,13
,17,525,464,56,3,0,0,2
,18,358,319,31,3,2,2,1
,19,261,221,30,1,4,2,3
,20,398,381,12,5,0,0,0
,21,564,456,100,3,0,0,5
,22,249,228,19,0,0,0,2
,23,359,332,22,2,1,0,2
,24,340,313,24,0,1,0,2
,25,489,439,43,3,0,1,3
,26,333,305,23,2,1,0,2
,27,647,594,41,4,3,1,4
,28,781,585,172,2,0,2,20
,29,318,276,37,3,1,1,0
,30,241,225,15,0,0,1,0
,31,379,347,27,3,0,2,0
,32,470,420,41,6,0,0,3
,33,762,655,95,5,0,0,7
,34,347,335,10,0,0,1,1
,35,694,573,106,5,0,0,10
,36,354,322,21,3,2,2,4
,37,621,523,85,2,0,2,9
,38,736,592,128,2,2,3,9
,39,346,323,23,0,0,0,0
,40,789,623,146,7,1,0,12
,41,413,393,17,0,0,1,2
,42,389,322,61,0,0,0,6
,43,386,355,22,6,0,2,1
,44,356,330,22,2,0,1,1
,45,1645,1363,260,3,0,1,18
,46,499,386,106,3,0,0,4
,47,362,319,32,6,1,3,1
,48,1091,922,148,8,4,4,5
,49,347,325,16,3,3,0,0
,50,477,452,17,2,1,1,4
28,1,301,279,17,2,0,2,1
,2,372,340,28,3,0,1,0
,3,300,284,14,1,0,0,1
,4,430,355,68,1,1,0,5
,5,270,252,18,0,0,0,0
,6,226,192,31,3,0,0,0
,7,403,385,15,2,0,1,0
,8,636,544,84,2,1,1,4
,9,386,361,18,3,1,2,1
,10,568,485,73,5,0,0,5
,11,896,786,90,8,4,0,8
,12,362,347,10,2,1,1,1
,13,489,459,25,2,1,0,2
,14,383,368,10,1,0,2,2
,15,77,74,1,1,0,1,0
,16,253,239,10,2,0,1,1
,17,329,314,12,2,1,0,0
,18,330,312,15,1,1,1,0
,19,346,298,45,2,0,0,1
,20,327,308,15,1,1,0,2
,21,305,294,9,1,0,0,1
,22,374,351,16,4,0,1,2
,23,503,469,23,6,2,1,2
,24,343,308,31,3,0,0,1
,25,565,527,31,3,3,0,1
,26,392,376,13,1,0,0,2
,27,454,318,116,6,0,6,8
,28,549,422,117,1,0,1,8
,29,216,196,16,1,1,1,1
,30,54,52,2,0,0,0,0
,31,479,445,24,3,3,4,0
,32,373,357,12,2,2,0,0
,33,415,397,17,1,0,0,0
,34,683,635,39,3,1,1,4
,35,464,440,22,0,0,1,1
,36,216,204,9,1,0,0,2
,37,449,430,16,1,1,1,0
,38,144,131,10,1,0,1,1
,39,297,277,17,1,1,1,0
,40,490,471,15,2,0,0,2
,41,263,252,10,0,1,0,0
,42,407,382,16,4,2,0,3
,43,506,491,11,1,2,1,0
,44,299,285,12,2,0,0,0
,45,643,523,99,5,0,1,15
,46,763,621,124,10,1,0,7
29,1,668,542,117,1,0,2,6
,2,612,582,22,4,1,2,1
,3,517,491,20,3,1,1,1
,4,574,532,35,2,2,2,1
,5,386,355,28,1,0,2,0
,6,379,367,11,1,0,0,0
,7,498,438,54,4,1,0,1
,8,443,408,22,6,2,1,4
,9,537,402,125,5,1,0,4
,10,623,506,108,4,1,0,4
,11,273,257,12,2,0,2,0
,12,566,527,33,2,2,0,2
,13,496,469,22,2,1,2,0
,14,428,413,11,1,0,1,2
,15,513,487,22,2,1,1,0
,16,458,440,15,3,0,0,0
,17,444,421,14,7,1,1,0
,18,461,443,12,2,1,1,2
,19,475,448,20,3,1,1,2
,20,480,458,15,4,1,0,2
,21,657,621,26,3,5,1,1
,22,423,381,38,1,2,0,1
,23,600,417,176,2,1,0,4
,24,460,434,18,3,4,1,0
,25,534,513,17,2,0,0,2
,26,441,412,22,2,1,2,2
,27,429,414,12,1,1,0,1
,28,589,566,13,7,2,0,1
,29,635,392,236,7,0,0,0
,30,675,559,111,0,1,0,4
,31,598,311,279,0,0,1,7
,32,603,338,253,4,2,1,5
,33,345,331,13,0,1,0,0
,34,369,330,37,0,0,0,2
,35,362,348,10,1,2,0,1
,36,392,369,22,1,0,0,0
,37,442,405,29,2,1,5,0
,38,621,447,164,7,1,1,1
,39,614,395,210,5,0,1,3
,40,532,505,16,6,3,1,1
,41,399,368,22,5,1,1,2
,42,535,511,18,4,0,0,2
,43,594,524,61,5,1,0,3
,44,618,577,36,0,2,2,1
30,1,624,481,132,2,4,1,4
,2,615,425,184,1,2,2,1
,3,430,361,60,2,3,0,4
,4,572,397,163,2,2,3,5
,5,438,344,92,1,1,0,0
,6,462,359,102,0,0,0,1
,7,595,469,116,2,1,4,3
,8,657,534,108,6,5,1,3
,9,506,362,136,4,2,0,2
,10,612,462,140,3,0,1,6
,11,542,445,89,4,2,1,1
,12,512,393,111,2,2,0,4
,13,543,388,148,2,0,0,5
,14,430,330,97,2,0,1,0
,15,483,396,77,5,1,0,4
,16,338,247,88,1,0,0,2
,17,588,427,151,3,0,0,7
,18,666,584,71,3,2,0,6
,19,576,466,104,2,3,0,1
,20,615,483,124,4,0,0,4
,21,426,278,144,0,2,0,2
,22,790,669,97,9,3,3,9
,23,681,549,111,10,3,0,8
,24,805,674,117,4,2,1,7
,25,810,667,122,9,4,1,7
,26,355,276,74,2,1,0,2
,27,415,311,102,0,1,0,1
,28,551,479,63,3,3,0,3
,29,402,318,73,2,2,4,3
,30,239,196,41,2,0,0,0
,31,359,283,74,1,0,0,1
,32,450,388,58,1,1,0,2
31,1,352,281,65,2,0,0,4
,2,331,278,51,0,0,0,2
,3,384,276,100,5,0,1,2
,4,465,414,42,3,3,1,2
,5,379,294,75,3,2,1,4
,6,263,212,46,0,0,3,2
,7,539,486,45,3,0,0,5
,8,334,271,58,3,1,1,0
,9,420,344,71,3,1,0,1
,10,432,370,59,0,0,1,2
,11,334,256,74,4,0,0,0
,12,336,239,90,2,0,2,3
,13,402,326,68,2,3,2,1
,14,375,291,83,0,1,0,0
,15,397,298,97,1,0,0,1
,16,438,388,42,2,1,0,5
,17,371,281,80,2,6,0,2
,18,363,294,62,2,1,4,0
,19,357,266,86,1,3,0,1
,20,340,261,75,0,2,1,1
,21,334,250,80,1,3,0,0
,22,323,274,44,2,0,0,3
,23,388,316,64,2,3,1,2
,24,409,329,73,1,1,1,4
,25,373,285,82,1,2,1,2
,26,403,307,90,2,3,0,1
,27,445,333,103,3,1,2,3
,28,332,257,71,2,2,0,0
,29,353,277,72,0,2,0,2
,30,308,256,48,0,1,0,3
,31,347,258,86,0,0,0,3
,32,318,249,65,3,0,1,0
,33,383,295,81,6,1,0,0
,34,399,299,91,6,1,0,2
,35,457,365,85,5,2,0,0
,36,401,316,80,3,0,1,1
,37,366,304,58,3,0,0,1
,38,338,277,55,6,0,0,0
,39,423,364,49,2,5,1,2
,40,418,355,47,5,6,0,5
,41,362,297,61,0,2,0,2
32,1,850,704,128,5,2,0,11
,2,747,643,88,1,0,1,14
,3,671,597,59,5,2,3,5
,4,619,548,64,1,1,0,5
,5,694,614,67,3,3,0,7
,6,791,713,63,3,0,0,12
,7,777,670,87,4,1,0,15
,8,872,710,140,1,1,3,17
,9,700,595,88,3,1,2,11
,10,815,647,142,6,1,1,18
,11,576,532,35,2,3,0,4
,12,454,407,31,7,6,2,1
,13,816,649,145,2,1,3,16
,14,682,620,49,3,4,2,4
,15,666,544,106,3,3,1,9
,16,655,568,78,2,1,1,5
,17,618,555,43,4,6,0,10
,18,688,561,116,3,1,0,7
,19,632,545,70,4,1,0,12
,20,611,558,40,10,1,1,1
,21,675,585,74,2,2,1,11
,22,745,677,50,3,6,1,8
,23,707,608,86,1,1,0,11
,24,621,472,137,3,0,0,9
,25,648,555,85,3,0,0,5
,26,657,591,54,3,5,0,4
,27,777,592,165,1,0,3,16
,28,609,555,47,1,1,0,5
,29,702,619,77,2,1,1,2
,30,714,587,117,5,0,0,5
,31,743,604,120,1,3,0,15
,32,780,687,79,3,0,0,11
,33,675,554,109,4,0,0,8
,34,754,661,76,2,0,0,15
,35,699,572,114,1,2,1,9
,36,771,669,89,1,1,0,11
,37,825,691,117,5,0,0,12
,38,730,599,112,5,1,0,13
,39,837,672,153,1,0,1,10
,40,705,598,94,2,0,0,11
,41,754,623,112,2,0,2,15
,42,698,567,116,0,1,0,14
,43,590,525,49,4,1,0,11
33,1,722,629,81,1,6,1,4
,2,981,782,179,9,2,5,4
,3,944,816,103,8,4,1,12
,4,940,785,133,9,7,0,6
,5,688,577,99,5,1,0,6
,6,614,531,72,4,1,0,6
,7,748,631,106,6,3,0,2
,8,858,763,76,10,4,0,5
,9,788,645,128,8,2,1,4
,10,624,517,96,5,2,1,3
,11,710,579,111,8,5,0,7
,12,708,580,107,6,4,0,11
,13,639,550,80,2,3,1,3
,14,338,294,39,3,0,0,2
,15,704,604,83,7,3,2,5
,16,973,789,171,4,3,0,6
,17,726,595,113,6,0,3,9
,18,995,850,117,11,6,2,9
,19,834,700,122,7,2,0,3
,20,862,752,96,6,3,2,3
,21,715,635,71,4,3,0,2
,22,644,517,121,4,0,0,2
,23,775,668,95,8,2,1,1
,24,826,726,80,7,0,1,12
,25,846,704,124,8,6,1,3
,26,533,471,53,4,2,0,3
,27,842,688,137,11,0,2,4
,28,628,563,53,3,4,0,5
34,1,463,452,10,0,1,0,0
,2,373,349,14,6,1,2,1
,3,448,426,15,2,3,0,2
,4,327,314,13,0,0,0,0
,5,398,382,11,1,1,1,2
,6,494,464,23,4,0,0,3
,7,469,449,8,2,3,1,6
,8,376,366,8,2,0,0,0
,9,303,282,19,1,0,0,1
,10,433,409,20,2,1,0,1
,11,374,347,19,3,3,2,0
,12,459,443,13,2,1,0,0
,13,426,408,15,2,0,0,1
,14,361,348,10,1,0,2,0
,15,407,389,13,2,0,1,2
,16,393,375,15,1,0,1,1
,17,546,517,21,7,1,0,0
,18,315,300,12,1,1,0,1
,19,490,466,22,1,1,0,0
,20,483,467,14,2,0,0,0
,21,497,486,10,0,0,0,1
,22,435,415,15,4,0,0,1
,23,360,348,12,0,0,0,0
,24,377,359,13,3,0,1,1
,25,665,647,14,1,2,1,0
,26,487,472,10,3,2,0,0
,27,361,344,14,1,0,1,1
,28,282,269,10,2,0,0,1
,29,364,353,9,1,0,1,0
,30,406,385,17,3,1,0,0
,31,355,338,14,0,1,2,0
,32,433,416,15,1,1,0,0
,33,367,350,14,3,0,0,0
,34,483,469,10,3,1,0,0
,35,538,509,24,3,1,0,1
,36,371,359,10,2,0,0,0
,37,246,231,12,2,1,0,0
,38,221,204,12,1,2,0,2
,39,332,311,17,2,1,0,1
,40,492,473,15,2,1,0,1
,41,274,261,10,2,0,0,1
,42,420,409,6,3,0,0,2
,43,379,364,11,1,0,0,3
,44,420,404,11,4,0,1,0
,45,437,417,17,2,1,0,0
,46,303,294,8,0,0,0,1
,47,398,388,8,1,0,1,0
,48,434,417,10,5,0,2,0
,49,405,387,11,4,2,0,1
,50,356,342,12,2,0,0,0
,51,462,433,18,8,0,0,3
,52,317,303,11,2,0,0,1
,53,295,274,13,4,1,1,2
35,1,632,539,75,12,0,0,6
,2,605,526,71,4,0,0,4
,3,537,457,71,3,1,0,5
,4,577,471,91,4,1,0,10
,5,532,463,61,1,3,0,4
,6,609,536,57,8,1,0,7
,7,602,551,44,3,1,1,2
,8,601,517,68,7,4,1,4
,9,616,477,131,5,1,1,1
,10,664,609,41,9,4,0,1
,11,690,589,85,4,4,1,7
,12,449,359,75,4,3,0,8
,13,467,386,73,3,2,0,3
,14,498,418,71,2,4,0,3
,15,690,598,67,9,8,1,7
,16,352,294,52,5,1,0,0
,17,615,550,57,2,2,0,4
,18,407,329,75,1,2,0,0
,19,408,333,70,2,3,0,0
,20,623,521,83,5,6,2,6
,21,602,536,55,4,3,0,4
,22,707,603,86,6,7,3,2
,23,615,507,90,8,5,0,5
,24,546,474,56,5,5,0,6
,25,590,512,60,6,3,3,6
,26,501,417,76,2,2,1,3
,27,552,464,71,3,6,1,7
,28,574,502,57,6,2,1,6
,29,603,469,121,2,4,2,5
,30,591,480,101,4,1,0,5
,31,640,524,98,6,3,2,7
36,1,494,374,112,4,1,0,3
,2,520,415,97,6,1,0,1
,3,453,349,99,1,2,1,1
,4,539,433,102,2,1,0,1
,5,447,371,70,4,1,1,0
,6,478,368,106,1,2,0,1
,7,612,352,254,1,0,0,5
,8,416,343,68,4,0,0,1
,9,498,403,87,1,2,2,3
,10,662,481,173,3,0,1,4
,11,373,299,68,5,0,0,1
,12,372,295,72,2,3,0,0
,13,385,320,63,1,0,0,1
,14,572,423,143,0,2,0,4
,15,560,371,185,0,1,0,3
,16,522,384,132,2,1,0,3
,17,639,445,187,2,0,0,5
,18,583,397,179,3,0,1,3
,19,650,495,145,7,1,0,2
,20,607,426,176,3,1,0,1
,21,482,378,96,6,1,0,1
,22,452,358,92,1,0,0,1
,23,472,368,92,4,4,1,3
,24,643,431,199,2,5,0,6
,25,538,437,97,1,0,1,2
,26,543,313,224,4,2,0,0
,27,486,362,116,5,1,0,2
,28,559,350,203,1,1,2,2
,29,578,383,191,1,0,1,2
,30,527,377,143,3,0,0,4
37,1,373,343,27,0,2,0,1
,2,365,335,26,2,1,0,1
,3,313,301,9,3,0,0,0
,4,356,319,33,0,0,3,1
,5,449,425,23,0,0,1,0
,6,449,423,20,1,3,2,0
,7,354,313,36,1,2,0,2
,8,326,293,29,0,3,0,1
,9,455,432,18,2,1,0,2
,10,530,484,43,2,0,0,1
,11,290,275,8,2,1,2,2
,12,401,365,32,0,0,3,1
,13,318,294,19,3,0,1,1
,14,459,435,20,1,1,1,1
,15,438,406,26,4,0,2,0
,16,493,460,24,5,1,1,2
,17,317,300,14,1,1,0,1
,18,383,358,22,2,1,0,0
,19,323,303,20,0,0,0,0
,20,389,361,25,1,0,2,0
,21,398,360,30,1,3,0,4
,22,417,371,41,3,2,0,0
,23,413,393,20,0,0,0,0
,24,447,417,26,4,0,0,0
,25,380,349,25,2,2,0,2
,26,571,508,55,3,3,1,1
,27,402,376,22,3,0,0,1
,28,388,353,31,2,1,0,1
,29,419,391,25,2,1,0,0
,30,415,392,19,2,1,0,1
,31,491,460,28,2,1,0,0
,32,379,355,22,0,2,0,0
,33,477,446,26,4,0,1,0
,34,380,360,15,1,2,1,1
,35,409,391,14,1,0,0,3
,36,409,386,20,1,1,1,0
,37,473,438,28,4,2,1,0
,38,457,425,28,2,1,0,1
,39,406,382,21,2,1,0,0
,40,452,430,20,2,0,0,0
,41,459,425,27,4,2,1,0
38,1,502,362,120,6,2,5,7
,2,613,207,401,3,0,0,2
,3,609,324,279,4,0,0,2
,4,572,298,261,3,2,4,4
,5,604,336,260,4,1,0,3
,6,608,314,290,2,0,0,2
,7,560,269,282,2,2,0,5
,8,559,320,237,0,0,0,2
,9,653,321,321,6,0,1,4
,10,507,304,197,2,0,0,4
,11,510,322,179,1,0,1,7
,12,601,230,363,2,0,1,5
,13,643,343,293,1,2,1,3
,14,618,392,210,3,1,1,11
,15,541,353,172,4,2,0,10
,16,576,327,241,4,0,0,4
,17,693,314,367,5,1,1,5
,18,621,368,240,4,1,2,6
,19,659,385,263,5,0,1,5
,20,591,260,326,4,1,0,0
,21,548,366,173,1,1,1,6
,22,510,352,150,2,2,2,2
,23,577,381,184,6,0,1,5
,24,613,309,297,4,0,0,3
,25,535,314,208,6,0,1,6
,26,614,349,253,2,2,1,7
,27,602,317,278,5,0,0,2
,28,704,334,362,3,0,0,5
,29,609,360,242,4,1,0,2
,30,590,281,303,1,0,0,5
,31,555,393,144,5,0,5,8
,32,558,363,185,4,1,0,5
,33,560,377,176,2,1,1,3
,34,550,394,148,3,1,1,3
,35,555,419,125,1,1,2,7
,36,545,358,174,6,0,1,6
,37,576,378,187,4,0,0,7
,38,582,326,243,11,1,0,1
,39,604,424,173,2,1,1,3
,40,552,376,168,2,0,1,5
,41,497,396,93,0,4,1,3
39,1,570,360,196,7,0,1,6
,2,551,313,231,2,1,1,3
,3,599,484,105,2,2,0,6
,4,554,347,196,3,0,3,5
,5,586,425,154,3,0,1,3
,6,574,435,131,3,4,0,1
,7,515,390,117,2,1,0,5
,8,622,457,159,2,1,0,3
,9,539,386,143,4,0,2,4
,10,262,219,41,2,0,0,0
,11,535,364,156,7,0,0,8
,12,758,614,123,10,2,3,6
,13,539,377,154,4,2,0,2
,14,569,430,128,3,2,0,6
,15,695,388,298,2,0,0,7
,16,574,425,136,2,2,3,6
,17,587,425,160,0,0,1,1
,18,564,411,149,1,1,0,2
,19,557,414,128,3,1,1,10
,20,717,402,304,6,0,1,4
,21,567,321,236,2,2,0,6
,22,574,436,126,6,2,0,4
,23,575,345,218,4,0,1,7
,24,717,412,298,2,1,0,4
,25,501,400,94,3,0,0,4
,26,580,344,229,2,1,0,4
,27,89,57,31,1,0,0,0
,28,683,571,101,7,0,1,3
,29,319,248,60,7,2,0,2
,30,667,551,106,6,2,2,0
,31,511,405,98,2,0,1,5
,32,564,314,245,2,1,1,1
,33,599,447,145,4,0,0,3
,34,677,525,130,10,3,1,8
,35,582,451,118,6,0,2,5
,36,148,105,41,2,0,0,0
,37,538,371,151,7,0,3,6
,38,297,218,78,0,0,0,1
,39,364,259,98,5,0,1,1
,40,598,376,213,0,1,0,8
,41,600,391,195,4,1,3,6
,42,591,351,232,1,1,1,5
,43,609,362,237,1,2,0,7
,44,474,293,173,3,0,0,5
,45,515,335,170,3,1,1,5
40,1,570,389,173,4,1,0,3
,2,591,456,130,2,2,0,1
,3,663,571,83,4,2,0,3
,4,371,286,84,0,0,0,1
,5,618,505,105,2,5,0,1
,6,630,551,65,5,2,1,6
,7,538,464,57,6,0,3,8
,8,745,674,61,3,1,2,4
,9,514,385,121,5,1,0,2
,10,658,504,141,3,1,2,7
,11,552,484,55,4,1,0,8
,12,500,433,59,4,2,0,2
,13,825,749,65,4,5,0,2
,14,592,411,172,1,3,0,5
,15,603,459,133,3,5,2,1
,16,740,651,66,7,5,0,11
,17,494,381,106,2,2,2,1
,18,517,428,81,7,1,0,0
,19,700,536,155,4,1,0,4
,20,618,486,120,5,2,2,3
,21,650,581,61,2,0,0,6
,22,684,604,72,3,1,0,4
,23,651,571,66,5,2,2,5
,24,580,398,169,5,3,1,4
,25,669,596,64,2,2,0,5
,26,608,545,52,5,0,1,5
,27,756,630,112,6,2,1,5
,28,588,517,58,8,0,0,5
,29,553,415,130,5,2,0,1
,30,480,316,154,4,2,3,1
,31,611,554,48,3,1,0,5
,32,611,539,65,0,2,0,5
,33,528,488,34,2,0,0,4
,34,522,368,143,4,1,0,6
,35,381,278,96,4,0,1,2
,36,500,420,71,2,1,0,6
,37,612,510,93,5,2,0,2
,38,656,563,80,4,1,2,6
,39,259,186,72,0,0,1,0
41,1,544,217,318,5,0,0,4
,2,595,230,357,3,0,0,5
,3,558,278,267,2,0,0,11
,4,556,291,257,3,1,1,3
,5,671,349,305,6,0,0,11
,6,616,337,266,2,0,0,11
,7,588,287,287,7,0,1,6
,8,575,284,280,3,0,0,8
,9,553,312,231,4,1,0,5
,10,547,295,241,2,0,1,8
,11,602,250,343,3,1,1,4
,12,608,263,342,0,1,1,1
,13,670,297,364,2,0,1,6
,14,564,351,198,3,0,1,11
,15,692,370,308,4,0,1,9
,16,543,267,268,5,0,1,2
,17,502,271,227,2,0,1,1
,18,507,260,242,1,1,1,2
,19,597,363,211,8,2,1,12
,20,392,184,199,2,0,0,7
,21,526,262,258,0,0,0,6
,22,614,296,310,1,0,1,6
,23,605,206,393,1,0,2,3
,24,549,229,307,2,1,3,7
,25,607,285,315,4,1,0,2
,26,489,253,223,0,0,1,12
,27,572,228,337,2,1,0,4
,28,658,385,265,4,1,1,2
,29,522,247,270,2,0,0,3
,30,527,283,239,1,0,0,4
,31,483,269,205,5,0,0,4
,32,477,229,241,2,0,0,5
,33,539,253,281,3,0,0,2
,34,515,228,280,2,0,2,3
,35,701,349,341,2,0,0,9
,36,558,285,265,2,0,0,6
,37,607,283,313,4,0,0,7
,38,562,277,276,3,1,1,4
,39,574,291,273,5,0,1,4
,40,642,257,379,1,1,0,4
,41,576,258,312,1,0,0,5
,42,564,249,305,1,0,2,7
,43,580,284,289,2,1,0,4
,44,597,253,329,7,1,0,7
,45,563,280,278,4,1,0,0
,46,538,264,265,3,0,2,4
,47,623,329,283,3,0,0,8
42,1,513,356,152,2,0,0,3
,2,785,618,154,2,1,0,10
,3,610,500,99,2,0,0,9
,4,1548,1179,352,3,0,1,13
,5,508,396,102,1,0,0,9
,6,605,433,162,4,1,0,5
,7,734,557,167,3,1,1,5
,8,525,407,114,1,0,0,3
,9,831,673,142,5,0,2,9
,10,855,643,192,7,2,0,11
,11,419,289,123,2,0,1,4
,12,539,384,148,1,0,0,6
,13,499,348,144,2,3,0,2
,14,893,674,199,2,0,3,15
,15,857,619,227,2,0,1,8
,16,649,508,126,2,1,3,9
,17,1006,717,272,4,0,0,13
,18,800,618,164,5,0,0,13
,19,787,572,205,0,0,1,9
,20,817,590,214,1,0,0,12
,21,760,640,110,3,0,0,7
,22,368,266,95,0,0,1,6
,23,716,496,213,2,0,0,5
,24,568,411,146,5,1,0,5
,25,791,561,221,2,4,0,3
,26,1085,800,273,2,0,1,9
,27,464,346,111,2,1,0,4
,28,617,460,152,1,0,0,4
,29,733,523,198,2,0,0,10
,30,476,352,121,0,0,0,3
,31,774,566,196,3,0,2,7
,32,767,556,197,2,1,0,11
,33,708,583,112,3,1,1,8
,34,500,356,135,4,0,0,5
,35,795,634,145,2,0,0,14
,36,1055,796,233,2,0,0,24
,37,518,375,129,0,0,2,12
,38,674,489,172,2,1,0,10
,39,1207,922,269,3,0,1,12
,40,963,740,207,2,0,0,14
,41,660,524,128,2,0,0,6
,42,1165,946,198,4,1,0,16
43,1,313,251,57,1,0,0,4
,2,661,551,98,3,1,0,8
,3,586,453,123,2,1,1,6
,4,740,579,149,3,0,0,9
,5,547,453,84,1,0,0,9
,6,461,386,63,1,0,0,11
,7,379,307,63,2,1,0,6
,8,460,364,93,3,0,0,0
,9,597,476,112,1,0,0,8
,10,740,601,120,1,0,0,18
,11,548,426,111,1,1,2,7
,12,399,332,63,2,0,0,2
,13,578,484,87,1,1,0,5
,14,560,456,91,1,0,0,12
,15,634,498,125,2,1,0,8
,16,827,674,136,2,1,1,13
,17,433,330,96,2,0,0,5
,18,689,543,135,2,0,0,9
,19,625,497,118,3,0,0,7
,20,733,621,95,1,1,1,14
,21,682,533,134,5,1,3,6
,22,430,344,80,1,0,0,5
,23,418,338,72,2,0,0,6
,24,471,361,99,2,1,1,7
,25,524,421,96,0,0,0,7
,26,382,320,54,1,1,0,6
,27,553,442,104,0,0,0,7
,28,764,594,160,3,1,0,6
,29,834,671,147,0,2,0,14
,30,608,493,103,2,0,0,10
,31,616,486,117,5,0,0,8
,32,611,506,95,4,0,0,6
,33,592,428,155,3,0,0,6
,34,355,278,71,1,0,0,5
,35,627,464,156,1,0,0,6
,36,407,329,72,0,1,1,4
,37,686,572,105,2,0,2,5
,38,469,351,110,1,0,0,7
,39,443,326,105,4,1,0,7
,40,457,380,67,5,0,2,3
,41,721,595,112,3,1,0,10
,42,569,450,105,3,0,1,10
,43,650,471,169,1,1,0,8
,44,608,487,107,3,2,0,9
,45,354,290,59,1,0,0,4
,46,367,316,48,0,0,1,2
44,1,851,747,94,5,1,0,4
,2,613,513,84,3,0,2,11
,3,364,308,54,0,0,0,2
,4,463,396,60,1,0,1,5
,5,573,502,59,0,2,1,9
,6,790,681,94,4,2,0,9
,7,449,349,93,2,0,0,5
,8,805,706,82,5,1,0,11
,9,630,526,90,1,1,1,11
,10,641,544,78,6,1,0,12
,11,707,583,112,3,0,1,8
,12,626,524,95,1,1,0,5
,13,511,429,73,2,0,1,6
,14,558,476,70,2,1,0,9
,15,584,480,97,1,1,0,5
,16,674,580,83,1,0,0,10
,17,789,701,81,3,0,0,4
,18,670,555,106,1,1,0,7
,19,722,635,81,0,0,1,5
,20,678,587,80,1,1,1,8
,21,706,637,57,2,1,0,9
,22,562,489,66,0,0,0,7
,23,570,505,53,2,0,0,10
,24,438,363,68,4,0,0,3
,25,630,553,68,1,0,0,8
,26,710,623,76,2,0,0,9
,27,719,612,87,3,0,1,16
,28,669,574,87,2,0,0,6
,29,677,573,90,4,0,0,10
,30,718,623,85,3,0,0,7
,31,547,425,100,4,1,0,17
,32,703,576,108,4,2,0,13
,33,604,546,49,1,2,0,6
,34,637,572,59,1,0,2,3
,35,692,579,101,4,1,0,7
,36,611,531,75,0,0,0,5
,37,653,595,53,1,0,0,4
,38,756,588,148,4,1,0,15
,39,624,524,90,2,1,2,5
,40,606,499,92,1,1,1,12
,41,807,691,102,6,0,0,8
45,1,454,390,49,5,3,0,7
,2,553,477,64,4,1,2,5
,3,519,421,89,3,2,1,3
,4,665,517,126,9,0,3,10
,5,584,465,107,4,1,0,7
,6,744,608,123,2,0,2,9
,7,812,633,162,8,0,1,8
,8,580,444,127,1,1,4,3
,9,589,438,141,3,1,1,5
,10,583,405,168,3,3,2,2
,11,431,312,114,1,0,1,3
,12,538,383,138,6,2,1,8
,13,467,354,96,8,2,1,6
,14,781,576,193,4,1,3,4
,15,624,482,134,5,0,1,2
,16,465,335,124,2,1,0,3
,17,630,414,202,1,4,2,7
,18,623,397,211,5,3,0,7
,19,344,230,108,2,2,0,2
,20,413,292,109,5,2,1,4
,21,534,332,201,0,1,0,0
,22,540,348,182,4,3,0,3
,23,554,330,212,5,0,2,5
,24,469,270,191,4,1,0,3
,25,374,210,156,5,1,1,1
,26,321,167,150,0,0,0,4
,27,574,315,248,2,0,0,9
,28,485,296,183,3,1,0,2
,29,385,219,162,1,0,1,2
,30,526,398,121,3,2,0,2
,31,473,346,120,3,2,0,2
,32,535,364,164,1,0,0,6
,33,388,285,99,1,0,0,3
,34,557,381,166,4,1,1,4
,35,609,418,179,3,1,0,8
,36,593,378,205,2,1,1,6
,37,570,341,215,3,4,0,7
,38,555,362,189,1,0,0,3
,39,545,315,221,4,0,0,5
,40,504,292,201,5,0,1,5
,41,516,292,213,3,0,0,8
,42,513,290,217,4,0,0,2
,43,565,281,273,3,0,2,6
,44,528,282,235,2,0,1,8
,45,385,195,184,1,0,0,5
,46,435,221,205,3,0,0,6
,47,422,223,190,4,0,1,4
,48,480,225,243,4,0,0,8
46,1,383,334,43,2,1,0,3
,2,501,448,46,2,2,0,3
,3,691,597,87,0,1,0,6
,4,515,460,44,3,2,0,6
,5,726,631,82,6,0,0,7
,6,568,485,72,3,5,0,3
,7,671,559,105,1,5,0,1
,8,446,394,46,3,2,0,1
,9,604,546,42,4,5,0,7
,10,1006,880,105,7,0,0,14
,11,613,457,145,2,4,0,5
,12,560,510,43,1,0,0,6
,13,598,528,64,1,0,0,5
,14,728,627,96,1,1,0,3
,15,610,527,76,1,0,0,6
,16,595,534,39,6,6,1,9
,17,692,570,110,6,0,0,6
,18,726,588,125,4,4,0,5
,19,440,360,73,0,1,1,5
,20,503,446,50,3,0,0,4
,21,477,375,97,2,1,0,2
,22,448,397,40,4,3,2,2
,23,500,453,42,4,0,0,1
,24,776,664,104,3,1,1,3
,25,513,464,43,2,2,0,2
,26,815,732,71,8,2,0,2
,27,757,666,70,7,4,1,9
,28,534,450,78,1,0,1,4
,29,439,369,63,0,1,1,5
,30,670,575,84,4,3,2,2
,31,614,563,41,3,2,1,4
,32,619,516,89,5,0,1,8
,33,648,572,70,2,3,0,1
,34,719,648,57,1,2,2,9
,35,674,600,67,1,1,1,4
,36,586,481,96,1,1,0,7
,37,528,445,78,1,2,0,2
,38,723,647,63,2,0,0,11
,39,609,498,102,1,2,0,6
,40,459,398,52,3,1,0,5
47,1,431,362,62,1,1,1,4
,2,609,510,86,5,1,1,6
,3,588,492,83,3,0,2,8
,4,724,620,95,2,1,0,6
,5,667,590,62,3,4,0,8
,6,759,668,77,3,2,0,9
,7,581,482,90,2,1,0,6
,8,631,544,70,3,1,0,13
,9,608,505,84,4,3,0,12
,10,707,634,58,3,1,0,11
,11,656,560,91,0,0,0,5
,12,664,588,53,5,3,0,15
,13,569,496,61,5,0,0,7
,14,567,485,74,1,0,0,7
,15,691,636,40,5,3,1,6
,16,593,490,91,3,3,2,4
,17,632,518,100,4,1,1,8
,18,590,499,76,6,0,2,7
,19,883,814,53,6,2,0,8
,20,626,556,59,4,0,0,7
,21,582,505,63,4,5,1,4
,22,654,567,72,5,2,1,7
,23,618,558,50,2,2,0,6
,24,675,599,62,6,3,0,5
,25,722,639,73,4,0,0,6
,26,789,726,56,1,2,1,3
,27,499,433,52,5,0,0,9
,28,560,488,60,3,3,0,6
,29,648,551,83,2,1,2,9
,30,702,639,52,1,5,0,5
,31,614,536,65,9,1,0,3
,32,657,601,46,2,2,0,6
,33,590,498,77,1,2,1,11
,34,597,523,62,5,2,0,5
,35,611,497,101,2,0,0,11
,36,650,586,56,0,2,0,6
,37,560,491,57,3,3,0,6
,38,587,514,63,3,2,0,5
,39,598,522,65,5,1,3,2
,40,563,514,43,3,1,0,2
,41,635,563,64,4,1,1,2
,42,542,480,50,5,3,0,4
,43,538,442,80,5,1,1,9
,44,611,496,107,0,1,0,7
,45,537,489,40,3,0,1,4
,46,630,508,110,2,0,2,8
,47,727,629,89,2,1,1,5
,48,59,38,20,0,0,0,1
48,1,503,455,39,4,1,1,3
,2,237,202,29,2,1,1,2
,3,630,540,80,3,3,0,4
,4,543,492,45,1,3,1,1
,5,304,263,39,0,1,0,1
,6,668,574,81,3,1,2,7
,7,541,506,31,2,0,0,2
,8,289,239,45,1,1,0,3
,9,413,297,109,2,1,1,3
,10,676,629,41,2,2,1,1
,11,403,376,19,3,1,1,3
,12,628,570,49,3,1,0,5
,13,730,602,121,3,0,2,2
,14,305,237,66,0,0,1,1
,15,357,293,57,4,0,1,2
,16,600,509,80,6,2,0,3
,17,504,428,59,12,0,0,5
,18,388,319,65,2,0,1,1
,19,323,292,23,2,2,1,3
,20,528,477,47,1,1,1,1
,21,780,656,108,4,2,0,10
,22,481,387,91,2,1,0,0
,23,512,431,70,3,1,1,6
,24,704,510,186,3,1,0,4
,25,406,366,31,5,0,0,4
,26,261,217,41,0,1,0,2
,27,496,435,45,8,2,1,5
,28,716,513,187,8,2,2,4
,29,224,194,29,0,0,1,0
,30,425,380,38,2,1,2,2
,31,769,652,98,10,3,0,6
,32,598,520,66,8,0,1,3
,33,319,268,49,2,0,0,0
,34,443,400,36,3,1,1,2
,35,389,307,74,2,2,3,1
,36,342,289,48,1,1,0,3
,37,564,511,43,4,2,1,3
,38,535,470,60,1,2,0,2
,39,435,359,72,0,0,0,4
,40,456,415,35,2,1,0,3
,41,693,613,66,5,3,0,6
,42,548,515,26,1,3,1,2
,43,624,544,71,5,0,1,3
,44,633,584,41,2,3,0,3
,45,359,326,25,2,3,0,3
,46,378,317,57,3,1,0,0
49,1,396,362,26,4,2,1,1
,2,311,292,13,1,1,1,3
,3,648,585,57,5,0,0,1
,4,689,615,51,10,5,1,7
,5,499,445,45,6,2,0,1
,6,451,406,37,1,2,0,5
,7,450,385,56,2,3,0,4
,8,496,438,54,1,1,0,2
,9,522,463,48,2,1,2,6
,10,607,527,71,4,0,2,3
,11,666,616,36,6,4,0,4
,12,645,568,61,5,2,2,7
,13,644,563,69,5,2,1,4
,14,402,353,44,2,2,0,1
,15,404,359,39,3,1,1,1
,16,427,368,48,5,1,1,4
,17,486,386,91,5,0,2,2
,18,643,584,46,6,2,3,2
,19,527,481,39,1,0,1,5
,20,811,734,66,6,3,0,2
,21,330,291,37,0,0,1,1
,22,550,474,61,3,2,3,7
,23,716,621,74,7,2,2,10
,24,435,392,33,6,1,1,2
,25,659,571,67,5,6,2,8
,26,657,556,93,6,1,0,1
,27,625,553,56,5,4,2,5
,28,707,630,59,5,6,2,5
,29,624,549,61,6,5,0,3
,30,542,464,65,5,3,0,5
,31,395,345,45,2,1,0,2
,32,524,471,42,4,5,1,1
,33,440,399,35,1,2,1,2
50,1,438,209,222,3,1,0,3
,2,300,164,132,2,0,1,1
,3,428,215,210,0,0,1,2
,4,523,358,155,2,0,2,6
,5,352,132,216,1,1,0,2
,6,463,331,123,3,1,0,5
,7,494,425,61,3,0,0,5
,8,462,382,73,1,2,2,2
,9,388,257,123,2,1,1,4
,10,552,261,285,2,0,2,2
,11,339,85,251,2,0,0,1
,12,236,127,105,0,0,0,4
,13,546,443,93,6,1,0,3
,14,181,85,95,1,0,0,0
,15,522,424,96,1,0,0,1
,16,171,85,85,1,0,0,0
,17,541,329,211,0,0,0,1
,18,86,33,51,1,0,0,1
,19,393,303,80,6,1,1,2
,20,487,365,114,4,1,1,2
,21,432,311,118,2,0,0,1
,22,460,255,197,4,1,0,3
,23,372,214,153,0,1,1,3
,24,448,129,316,2,0,0,1
,25,517,206,311,0,0,0,0
,26,542,336,200,3,2,0,1
,27,199,107,91,1,0,0,0
,28,537,403,127,5,1,0,1
,29,492,375,113,1,1,1,1
,30,374,310,59,1,0,2,2
,31,627,522,95,5,0,0,5
,32,565,470,83,4,1,2,5
,33,376,144,227,0,0,0,5
,34,638,406,222,2,3,0,5
,35,589,489,90,4,2,0,4
,36,475,365,105,0,1,1,3
,37,468,385,79,3,0,0,1
,38,210,123,85,2,0,0,0
,39,337,166,169,1,0,0,1
,40,479,127,346,3,0,1,2